model,rank,query_title,matched_title,cosine_score,semantic_score_1_to_5
word2vec_lemmatized_cbow_win2_dim100.model,1,Reddit's CEO calls his company 'the fuel' for artificial intelligence - CNBC,Artificial Intelligence in Education is Focus of IgniteND Conference - News Dakota,0.9994,3
word2vec_lemmatized_cbow_win2_dim100.model,2,Reddit's CEO calls his company 'the fuel' for artificial intelligence - CNBC,Peer review in the time of artificial intelligence - Nature,0.9993,2
word2vec_lemmatized_cbow_win2_dim100.model,3,Reddit's CEO calls his company 'the fuel' for artificial intelligence - CNBC,Bayraktar maps Türkiye’s energy future from Akkuyu to artificial intelligence - AzerNews,0.9993,3
word2vec_lemmatized_cbow_win2_dim100.model,4,Reddit's CEO calls his company 'the fuel' for artificial intelligence - CNBC,Artificial intelligence powers Egypt’s USD 27bn city project - Computer Weekly,0.9993,4
word2vec_lemmatized_cbow_win2_dim100.model,5,Reddit's CEO calls his company 'the fuel' for artificial intelligence - CNBC,"Artificial intelligence is not to blame in Tumbler Ridge shooting, Carney minister says - Toronto Star",0.9992,1
word2vec_lemmatized_skipgram_win2_dim100.model,1,Reddit's CEO calls his company 'the fuel' for artificial intelligence - CNBC,Artificial intelligence powers Egypt’s USD 27bn city project - Computer Weekly,0.9995,4
word2vec_lemmatized_skipgram_win2_dim100.model,2,Reddit's CEO calls his company 'the fuel' for artificial intelligence - CNBC,Leveraging Artificial Intelligence to Prevent Homelessness in Los Angeles County - America's Essential Hospitals,0.9992,2
word2vec_lemmatized_skipgram_win2_dim100.model,3,Reddit's CEO calls his company 'the fuel' for artificial intelligence - CNBC,Forbes 2026 AI 50 List | Top Artificial Intelligence Companies - Forbes,0.999,5
word2vec_lemmatized_skipgram_win2_dim100.model,4,Reddit's CEO calls his company 'the fuel' for artificial intelligence - CNBC,Senator Banks raises concerns over Chinese espionage targeting U.S. artificial intelligence sector - WBIW,0.9988,3
word2vec_lemmatized_skipgram_win2_dim100.model,5,Reddit's CEO calls his company 'the fuel' for artificial intelligence - CNBC,IN AI: Braun unveils artificial intelligence business portal - Indiana Capital Chronicle,0.9987,4
word2vec_lemmatized_cbow_win4_dim100.model,1,Reddit's CEO calls his company 'the fuel' for artificial intelligence - CNBC,Bayraktar maps Türkiye’s energy future from Akkuyu to artificial intelligence - AzerNews,0.9999,3
word2vec_lemmatized_cbow_win4_dim100.model,2,Reddit's CEO calls his company 'the fuel' for artificial intelligence - CNBC,Artificial Intelligence in Education is Focus of IgniteND Conference - News Dakota,0.9999,3
word2vec_lemmatized_cbow_win4_dim100.model,3,Reddit's CEO calls his company 'the fuel' for artificial intelligence - CNBC,Peer review in the time of artificial intelligence - Nature,0.9999,2
word2vec_lemmatized_cbow_win4_dim100.model,4,Reddit's CEO calls his company 'the fuel' for artificial intelligence - CNBC,Artificial intelligence powers Egypt’s USD 27bn city project - Computer Weekly,0.9998,4
word2vec_lemmatized_cbow_win4_dim100.model,5,Reddit's CEO calls his company 'the fuel' for artificial intelligence - CNBC,"Artificial intelligence is not to blame in Tumbler Ridge shooting, Carney minister says - Toronto Star",0.9998,1
word2vec_lemmatized_skipgram_win4_dim100.model,1,Reddit's CEO calls his company 'the fuel' for artificial intelligence - CNBC,"Artificial intelligence is not to blame in Tumbler Ridge shooting, Carney minister says - Toronto Star",0.9991,1
word2vec_lemmatized_skipgram_win4_dim100.model,2,Reddit's CEO calls his company 'the fuel' for artificial intelligence - CNBC,"As artificial intelligence shows off diagnostic chops, scientists reckon with the way forward - statnews.com",0.9979,2
word2vec_lemmatized_skipgram_win4_dim100.model,3,Reddit's CEO calls his company 'the fuel' for artificial intelligence - CNBC,Leveraging Artificial Intelligence to Prevent Homelessness in Los Angeles County - America's Essential Hospitals,0.9976,2
word2vec_lemmatized_skipgram_win4_dim100.model,4,Reddit's CEO calls his company 'the fuel' for artificial intelligence - CNBC,Artificial Intelligence in Education is Focus of IgniteND Conference - News Dakota,0.9975,3
word2vec_lemmatized_skipgram_win4_dim100.model,5,Reddit's CEO calls his company 'the fuel' for artificial intelligence - CNBC,Taxing Artificial Intelligence Would Be a Big Mistake - Bloomberg.com,0.9972,4
word2vec_lemmatized_cbow_win2_dim300.model,1,Reddit's CEO calls his company 'the fuel' for artificial intelligence - CNBC,FAQ on AI in OOH advertising: How artificial intelligence is reshaping the channel in 2026 - eMarketer,0.9996,4
word2vec_lemmatized_cbow_win2_dim300.model,2,Reddit's CEO calls his company 'the fuel' for artificial intelligence - CNBC,Artificial Intelligence in Education is Focus of IgniteND Conference - News Dakota,0.9995,3
word2vec_lemmatized_cbow_win2_dim300.model,3,Reddit's CEO calls his company 'the fuel' for artificial intelligence - CNBC,Peer review in the time of artificial intelligence - Nature,0.9995,2
word2vec_lemmatized_cbow_win2_dim300.model,4,Reddit's CEO calls his company 'the fuel' for artificial intelligence - CNBC,"Artificial intelligence is not to blame in Tumbler Ridge shooting, Carney minister says - Toronto Star",0.9995,1
word2vec_lemmatized_cbow_win2_dim300.model,5,Reddit's CEO calls his company 'the fuel' for artificial intelligence - CNBC,Explainable AI needs formalization - npj Artificial Intelligence - Nature,0.9995,2
word2vec_lemmatized_skipgram_win2_dim300.model,1,Reddit's CEO calls his company 'the fuel' for artificial intelligence - CNBC,Artificial intelligence powers Egypt’s USD 27bn city project - Computer Weekly,0.9997,4
word2vec_lemmatized_skipgram_win2_dim300.model,2,Reddit's CEO calls his company 'the fuel' for artificial intelligence - CNBC,Forbes 2026 AI 50 List | Top Artificial Intelligence Companies - Forbes,0.9997,5
word2vec_lemmatized_skipgram_win2_dim300.model,3,Reddit's CEO calls his company 'the fuel' for artificial intelligence - CNBC,IN AI: Braun unveils artificial intelligence business portal - Indiana Capital Chronicle,0.9996,4
word2vec_lemmatized_skipgram_win2_dim300.model,4,Reddit's CEO calls his company 'the fuel' for artificial intelligence - CNBC,Leveraging Artificial Intelligence to Prevent Homelessness in Los Angeles County - America's Essential Hospitals,0.9995,2
word2vec_lemmatized_skipgram_win2_dim300.model,5,Reddit's CEO calls his company 'the fuel' for artificial intelligence - CNBC,Multi-agent artificial intelligence designs novel catalysts for ultrafast water purification - Nature,0.9994,2
word2vec_lemmatized_cbow_win4_dim300.model,1,Reddit's CEO calls his company 'the fuel' for artificial intelligence - CNBC,Explainable AI needs formalization - npj Artificial Intelligence - Nature,0.9999,2
word2vec_lemmatized_cbow_win4_dim300.model,2,Reddit's CEO calls his company 'the fuel' for artificial intelligence - CNBC,Artificial Intelligence in Education is Focus of IgniteND Conference - News Dakota,0.9999,3
word2vec_lemmatized_cbow_win4_dim300.model,3,Reddit's CEO calls his company 'the fuel' for artificial intelligence - CNBC,Peer review in the time of artificial intelligence - Nature,0.9999,2
word2vec_lemmatized_cbow_win4_dim300.model,4,Reddit's CEO calls his company 'the fuel' for artificial intelligence - CNBC,FAQ on AI in OOH advertising: How artificial intelligence is reshaping the channel in 2026 - eMarketer,0.9999,4
word2vec_lemmatized_cbow_win4_dim300.model,5,Reddit's CEO calls his company 'the fuel' for artificial intelligence - CNBC,"Artificial intelligence is not to blame in Tumbler Ridge shooting, Carney minister says - Toronto Star",0.9999,1
word2vec_lemmatized_skipgram_win4_dim300.model,1,Reddit's CEO calls his company 'the fuel' for artificial intelligence - CNBC,"Artificial intelligence is not to blame in Tumbler Ridge shooting, Carney minister says - Toronto Star",0.9994,1
word2vec_lemmatized_skipgram_win4_dim300.model,2,Reddit's CEO calls his company 'the fuel' for artificial intelligence - CNBC,Leveraging Artificial Intelligence to Prevent Homelessness in Los Angeles County - America's Essential Hospitals,0.9994,2
word2vec_lemmatized_skipgram_win4_dim300.model,3,Reddit's CEO calls his company 'the fuel' for artificial intelligence - CNBC,Artificial intelligence powers Egypt’s USD 27bn city project - Computer Weekly,0.9988,4
word2vec_lemmatized_skipgram_win4_dim300.model,4,Reddit's CEO calls his company 'the fuel' for artificial intelligence - CNBC,"As artificial intelligence shows off diagnostic chops, scientists reckon with the way forward - statnews.com",0.9988,2
word2vec_lemmatized_skipgram_win4_dim300.model,5,Reddit's CEO calls his company 'the fuel' for artificial intelligence - CNBC,Artificial Intelligence in Education is Focus of IgniteND Conference - News Dakota,0.9985,3
word2vec_stemmed_cbow_win2_dim100.model,1,Reddit's CEO calls his company 'the fuel' for artificial intelligence - CNBC,Peer review in the time of artificial intelligence - Nature,0.9996,2
word2vec_stemmed_cbow_win2_dim100.model,2,Reddit's CEO calls his company 'the fuel' for artificial intelligence - CNBC,FAQ on AI in OOH advertising: How artificial intelligence is reshaping the channel in 2026 - eMarketer,0.9996,4
word2vec_stemmed_cbow_win2_dim100.model,3,Reddit's CEO calls his company 'the fuel' for artificial intelligence - CNBC,Explainable AI needs formalization - npj Artificial Intelligence - Nature,0.9996,2
word2vec_stemmed_cbow_win2_dim100.model,4,Reddit's CEO calls his company 'the fuel' for artificial intelligence - CNBC,Artificial Intelligence in Education is Focus of IgniteND Conference - News Dakota,0.9996,3
word2vec_stemmed_cbow_win2_dim100.model,5,Reddit's CEO calls his company 'the fuel' for artificial intelligence - CNBC,"Artificial intelligence is not to blame in Tumbler Ridge shooting, Carney minister says - Toronto Star",0.9996,1
word2vec_stemmed_skipgram_win2_dim100.model,1,Reddit's CEO calls his company 'the fuel' for artificial intelligence - CNBC,Leveraging Artificial Intelligence to Prevent Homelessness in Los Angeles County - America's Essential Hospitals,0.9995,2
word2vec_stemmed_skipgram_win2_dim100.model,2,Reddit's CEO calls his company 'the fuel' for artificial intelligence - CNBC,Artificial Intelligence in Education is Focus of IgniteND Conference - News Dakota,0.999,3
word2vec_stemmed_skipgram_win2_dim100.model,3,Reddit's CEO calls his company 'the fuel' for artificial intelligence - CNBC,Forbes 2026 AI 50 List | Top Artificial Intelligence Companies - Forbes,0.9989,5
word2vec_stemmed_skipgram_win2_dim100.model,4,Reddit's CEO calls his company 'the fuel' for artificial intelligence - CNBC,"Artificial intelligence is not to blame in Tumbler Ridge shooting, Carney minister says - Toronto Star",0.9989,1
word2vec_stemmed_skipgram_win2_dim100.model,5,Reddit's CEO calls his company 'the fuel' for artificial intelligence - CNBC,"As artificial intelligence shows off diagnostic chops, scientists reckon with the way forward - statnews.com",0.9987,2
word2vec_stemmed_cbow_win4_dim100.model,1,Reddit's CEO calls his company 'the fuel' for artificial intelligence - CNBC,Forbes 2026 AI 50 List | Top Artificial Intelligence Companies - Forbes,0.9999,5
word2vec_stemmed_cbow_win4_dim100.model,2,Reddit's CEO calls his company 'the fuel' for artificial intelligence - CNBC,Peer review in the time of artificial intelligence - Nature,0.9999,2
word2vec_stemmed_cbow_win4_dim100.model,3,Reddit's CEO calls his company 'the fuel' for artificial intelligence - CNBC,Artificial Intelligence in Education is Focus of IgniteND Conference - News Dakota,0.9999,3
word2vec_stemmed_cbow_win4_dim100.model,4,Reddit's CEO calls his company 'the fuel' for artificial intelligence - CNBC,"Artificial intelligence is not to blame in Tumbler Ridge shooting, Carney minister says - Toronto Star",0.9999,1
word2vec_stemmed_cbow_win4_dim100.model,5,Reddit's CEO calls his company 'the fuel' for artificial intelligence - CNBC,Bayraktar maps Türkiye’s energy future from Akkuyu to artificial intelligence - AzerNews,0.9998,3
word2vec_stemmed_skipgram_win4_dim100.model,1,Reddit's CEO calls his company 'the fuel' for artificial intelligence - CNBC,Taxing Artificial Intelligence Would Be a Big Mistake - Bloomberg.com,0.9961,4
word2vec_stemmed_skipgram_win4_dim100.model,2,Reddit's CEO calls his company 'the fuel' for artificial intelligence - CNBC,Prediction: This Under-the-Radar Artificial Intelligence (AI) Stock Could Be a Multibagger by the End of 2027 - The Globe and Mail,0.9956,5
word2vec_stemmed_skipgram_win4_dim100.model,3,Reddit's CEO calls his company 'the fuel' for artificial intelligence - CNBC,"Artificial intelligence is not to blame in Tumbler Ridge shooting, Carney minister says - Toronto Star",0.9955,1
word2vec_stemmed_skipgram_win4_dim100.model,4,Reddit's CEO calls his company 'the fuel' for artificial intelligence - CNBC,Prediction: This under-the-radar artificial intelligence (AI) stock could be a multibagger by the end of 2027 - MSN,0.9951,5
word2vec_stemmed_skipgram_win4_dim100.model,5,Reddit's CEO calls his company 'the fuel' for artificial intelligence - CNBC,Artificial intelligence powers Egypt’s USD 27bn city project - Computer Weekly,0.995,4
word2vec_stemmed_cbow_win2_dim300.model,1,Reddit's CEO calls his company 'the fuel' for artificial intelligence - CNBC,Artificial Intelligence in Education is Focus of IgniteND Conference - News Dakota,0.9998,3
word2vec_stemmed_cbow_win2_dim300.model,2,Reddit's CEO calls his company 'the fuel' for artificial intelligence - CNBC,Bayraktar maps Türkiye’s energy future from Akkuyu to artificial intelligence - AzerNews,0.9998,3
word2vec_stemmed_cbow_win2_dim300.model,3,Reddit's CEO calls his company 'the fuel' for artificial intelligence - CNBC,Explainable AI needs formalization - npj Artificial Intelligence - Nature,0.9998,2
word2vec_stemmed_cbow_win2_dim300.model,4,Reddit's CEO calls his company 'the fuel' for artificial intelligence - CNBC,Peer review in the time of artificial intelligence - Nature,0.9998,2
word2vec_stemmed_cbow_win2_dim300.model,5,Reddit's CEO calls his company 'the fuel' for artificial intelligence - CNBC,FAQ on AI in OOH advertising: How artificial intelligence is reshaping the channel in 2026 - eMarketer,0.9998,4
word2vec_stemmed_skipgram_win2_dim300.model,1,Reddit's CEO calls his company 'the fuel' for artificial intelligence - CNBC,Leveraging Artificial Intelligence to Prevent Homelessness in Los Angeles County - America's Essential Hospitals,0.9998,2
word2vec_stemmed_skipgram_win2_dim300.model,2,Reddit's CEO calls his company 'the fuel' for artificial intelligence - CNBC,Forbes 2026 AI 50 List | Top Artificial Intelligence Companies - Forbes,0.9996,5
word2vec_stemmed_skipgram_win2_dim300.model,3,Reddit's CEO calls his company 'the fuel' for artificial intelligence - CNBC,IN AI: Braun unveils artificial intelligence business portal - Indiana Capital Chronicle,0.9993,4
word2vec_stemmed_skipgram_win2_dim300.model,4,Reddit's CEO calls his company 'the fuel' for artificial intelligence - CNBC,Artificial intelligence powers Egypt’s USD 27bn city project - Computer Weekly,0.9992,4
word2vec_stemmed_skipgram_win2_dim300.model,5,Reddit's CEO calls his company 'the fuel' for artificial intelligence - CNBC,"Artificial intelligence is not to blame in Tumbler Ridge shooting, Carney minister says - Toronto Star",0.9992,1
word2vec_stemmed_cbow_win4_dim300.model,1,Reddit's CEO calls his company 'the fuel' for artificial intelligence - CNBC,Artificial Intelligence in Education is Focus of IgniteND Conference - News Dakota,1.0,3
word2vec_stemmed_cbow_win4_dim300.model,2,Reddit's CEO calls his company 'the fuel' for artificial intelligence - CNBC,Forbes 2026 AI 50 List | Top Artificial Intelligence Companies - Forbes,1.0,5
word2vec_stemmed_cbow_win4_dim300.model,3,Reddit's CEO calls his company 'the fuel' for artificial intelligence - CNBC,Peer review in the time of artificial intelligence - Nature,0.9999,2
word2vec_stemmed_cbow_win4_dim300.model,4,Reddit's CEO calls his company 'the fuel' for artificial intelligence - CNBC,Explainable AI needs formalization - npj Artificial Intelligence - Nature,0.9999,2
word2vec_stemmed_cbow_win4_dim300.model,5,Reddit's CEO calls his company 'the fuel' for artificial intelligence - CNBC,Bayraktar maps Türkiye’s energy future from Akkuyu to artificial intelligence - AzerNews,0.9999,3
word2vec_stemmed_skipgram_win4_dim300.model,1,Reddit's CEO calls his company 'the fuel' for artificial intelligence - CNBC,"Artificial intelligence is not to blame in Tumbler Ridge shooting, Carney minister says - Toronto Star",0.9982,1
word2vec_stemmed_skipgram_win4_dim300.model,2,Reddit's CEO calls his company 'the fuel' for artificial intelligence - CNBC,Artificial intelligence powers Egypt’s USD 27bn city project - Computer Weekly,0.998,4
word2vec_stemmed_skipgram_win4_dim300.model,3,Reddit's CEO calls his company 'the fuel' for artificial intelligence - CNBC,Prediction: This Under-the-Radar Artificial Intelligence (AI) Stock Could Be a Multibagger by the End of 2027 - The Globe and Mail,0.9977,5
word2vec_stemmed_skipgram_win4_dim300.model,4,Reddit's CEO calls his company 'the fuel' for artificial intelligence - CNBC,Taxing Artificial Intelligence Would Be a Big Mistake - Bloomberg.com,0.9976,4
word2vec_stemmed_skipgram_win4_dim300.model,5,Reddit's CEO calls his company 'the fuel' for artificial intelligence - CNBC,Transformational Utah Investment in Artificial Intelligence and Computing to Advance Health and Discovery | Newswise - Newswise,0.9975,4